{"cameraMode":{"drawMode":0,"name":"Shaded","section":"Shading Mode"},"sceneLighting":true,"audioPlay":false,"sceneViewState":{"m_AlwaysRefresh":false,"showFog":true,"showSkybox":true,"showFlares":true,"showImageEffects":true,"showParticleSystems":true,"showVisualEffectGraphs":true,"m_FxEnabled":true},"in2DMode":false,"pivot":{"x":-0.2416120171546936,"y":-1.3479863405227662,"z":0.7940692901611328},"rotation":{"x":-0.1524438112974167,"y":0.05837015062570572,"z":-0.009018883109092713,"w":-0.9865526556968689},"size":4.064413070678711,"orthographic":false}